<?xml version="1.0" encoding="UTF-8"?>
<!DOCTYPE struts-config PUBLIC 
    "-//Apache Software Foundation//DTD Struts Configuration 1.3//EN" 
    "http://struts.apache.org/dtds/struts-config_1_3.dtd">

<struts-config>
    <form-beans>
        <form-bean name="loginForm" type="myapp.form.LoginForm"/>
    </form-beans>

    <action-mappings>
        <action path="/login" type="myapp.action.LoginAction"
                name="loginForm" scope="request" input="/login.jsp">
            <forward name="success" path="/welcome.jsp"/>
            <forward name="failure" path="/login.jsp"/>
        </action>

        <action path="/logout" type="myapp.action.LogoutAction">
            <forward name="logout" path="/logout.jsp"/>
        </action>
    </action-mappings>
</struts-config>
